stage,timestamp,seconds,available_commit_gib,available_ram_gib,child_tree_rss_gib
fit_s0_lr0,2026-09-09T15:21:36.453487+00:00,0.0,11.901893615722656,11.658405303955078,0.0
fit_s0_lr0,2026-09-09T15:21:46.701236+00:00,10.247749,10.20095443725586,11.199577331542969,0.5661888122558594
fit_s0_lr0,2026-09-09T15:21:56.864686+00:00,20.411199,7.837169647216797,10.401874542236328,1.4817924499511719
fit_s0_lr0,2026-09-09T15:22:07.027352+00:00,30.573865,7.875923156738281,10.429241180419922,1.4786796569824219
fit_s0_lr0,2026-09-09T15:22:17.210786+00:00,40.757299,7.388034820556641,10.174980163574219,1.6746139526367188
fit_s0_lr0,2026-09-09T15:22:27.365198+00:00,50.911711,7.350292205810547,10.151039123535156,1.6752967834472656
fit_s0_lr0,2026-09-09T15:22:37.534862+00:00,61.081375,7.4005279541015625,10.187183380126953,1.6752471923828125
fit_s0_lr0,2026-09-09T15:22:47.692933+00:00,71.239446,7.441230773925781,10.261772155761719,1.6754341125488281
fit_s0_lr0,2026-09-09T15:22:57.854476+00:00,81.400989,7.263511657714844,10.23410415649414,1.6757469177246094
fit_s0_lr0,2026-09-09T15:23:08.022764+00:00,91.569277,7.3408966064453125,10.261802673339844,1.6813278198242188
fit_s0_lr0,2026-09-09T15:23:18.187202+00:00,101.733715,7.400543212890625,10.231010437011719,1.6813697814941406
fit_s0_lr0,2026-09-09T15:23:28.352440+00:00,111.898953,7.379478454589844,10.196300506591797,1.6813697814941406
fit_s0_lr0,2026-09-09T15:23:38.515200+00:00,122.061713,7.371021270751953,10.220069885253906,1.6772727966308594
fit_s0_lr0,2026-09-09T15:23:48.680620+00:00,132.227133,7.3250885009765625,10.165008544921875,1.68206787109375
fit_s0_lr0,2026-09-09T15:23:58.837350+00:00,142.383863,7.2752532958984375,10.112556457519531,1.6821517944335938
fit_s0_lr0,2026-09-09T15:24:08.995074+00:00,152.541587,7.2493133544921875,10.074897766113281,1.6821517944335938
fit_s0_lr0,2026-09-09T15:24:19.165701+00:00,162.712214,7.191150665283203,10.05059814453125,1.678436279296875
fit_s0_lr0,2026-09-09T15:24:29.320807+00:00,172.86732,7.125370025634766,10.125480651855469,1.678741455078125
fit_s0_lr0,2026-09-09T15:24:39.484790+00:00,183.031303,7.039188385009766,10.04730224609375,1.682159423828125
fit_s0_lr0,2026-09-09T15:24:49.649175+00:00,193.195688,6.982337951660156,9.969402313232422,1.682159423828125
fit_s0_lr0,2026-09-09T15:24:59.801696+00:00,203.348209,6.906959533691406,9.89236831665039,1.682159423828125
fit_s0_lr0,2026-09-09T15:25:09.959369+00:00,213.505882,6.838550567626953,9.800148010253906,1.6786575317382812
fit_s0_lr0,2026-09-09T15:25:20.118706+00:00,223.665219,6.786014556884766,9.737232208251953,1.6787948608398438
fit_s0_lr0,2026-09-09T15:25:30.284907+00:00,233.83142,6.747505187988281,9.722034454345703,1.6787948608398438
fit_s0_lr0,2026-09-09T15:25:40.445905+00:00,243.992418,6.741825103759766,9.710453033447266,1.6787948608398438
fit_s0_lr0,2026-09-09T15:25:50.608624+00:00,254.155137,6.692718505859375,9.656925201416016,1.6787948608398438
fit_s0_lr0,2026-09-09T15:26:00.774662+00:00,264.321175,6.658855438232422,9.62643051147461,1.68096923828125
fit_s0_lr0,2026-09-09T15:26:10.939372+00:00,274.485885,6.6870269775390625,9.671459197998047,1.6815109252929688
fit_s0_lr0,2026-09-09T15:26:21.092427+00:00,284.63894,6.710693359375,9.688217163085938,1.6818161010742188
fit_s0_lr1,2026-09-09T15:26:25.244899+00:00,0.0,11.253135681152344,11.17136001586914,0.0
fit_s0_lr1,2026-09-09T15:26:35.487891+00:00,10.242992,9.534713745117188,10.681102752685547,0.6003227233886719
fit_s0_lr1,2026-09-09T15:26:45.644571+00:00,20.399672,7.150848388671875,9.87491226196289,1.4818840026855469
fit_s0_lr1,2026-09-09T15:26:55.810274+00:00,30.565375,7.184112548828125,9.889659881591797,1.4790496826171875
fit_s0_lr1,2026-09-09T15:27:05.971331+00:00,40.726432,6.726997375488281,9.696517944335938,1.674591064453125
fit_s0_lr1,2026-09-09T15:27:16.132040+00:00,50.887141,6.729515075683594,9.715595245361328,1.6746673583984375
fit_s0_lr1,2026-09-09T15:27:26.297147+00:00,61.052248,6.670722961425781,9.63299560546875,1.674652099609375
fit_s0_lr1,2026-09-09T15:27:36.452637+00:00,71.207738,6.722438812255859,9.679878234863281,1.6748733520507812
fit_s0_lr1,2026-09-09T15:27:46.627205+00:00,81.382306,6.712272644042969,9.667724609375,1.6752777099609375
fit_s0_lr1,2026-09-09T15:27:56.787676+00:00,91.542777,6.706428527832031,9.633689880371094,1.6807060241699219
fit_s0_lr1,2026-09-09T15:28:06.954785+00:00,101.709886,6.651851654052734,9.590896606445312,1.680755615234375
fit_s0_lr1,2026-09-09T15:28:17.114668+00:00,111.869769,6.6764068603515625,9.585227966308594,1.6764755249023438
fit_s0_lr1,2026-09-09T15:28:27.277655+00:00,122.032756,6.564205169677734,9.470199584960938,1.6767349243164062
fit_s0_lr1,2026-09-09T15:28:37.444846+00:00,132.199947,6.461421966552734,9.348812103271484,1.6821746826171875
fit_s0_lr1,2026-09-09T15:28:47.604603+00:00,142.359704,6.380470275878906,9.276901245117188,1.682159423828125
fit_s0_lr1,2026-09-09T15:28:57.756977+00:00,152.512078,6.397136688232422,9.274036407470703,1.682159423828125
fit_s0_lr1,2026-09-09T15:29:07.922827+00:00,162.677928,6.387260437011719,9.245929718017578,1.6785049438476562
fit_s0_lr1,2026-09-09T15:29:18.085040+00:00,172.840141,6.329433441162109,9.17428970336914,1.6788101196289062
fit_s0_lr1,2026-09-09T15:29:28.250853+00:00,183.005954,6.304939270019531,9.132335662841797,1.6788101196289062
fit_s0_lr1,2026-09-09T15:29:38.414740+00:00,193.169841,6.322483062744141,9.154598236083984,1.6788101196289062
fit_s0_lr1,2026-09-09T15:29:48.584701+00:00,203.339802,6.297798156738281,9.11922836303711,1.6787910461425781
fit_s0_lr1,2026-09-09T15:29:58.740437+00:00,213.495538,6.2881011962890625,9.117164611816406,1.6788215637207031
fit_s0_lr1,2026-09-09T15:30:08.915155+00:00,223.670256,6.252220153808594,9.09512710571289,1.6788253784179688
fit_s0_lr1,2026-09-09T15:30:19.077400+00:00,233.832501,6.2564544677734375,9.117473602294922,1.6788253784179688
fit_s0_lr1,2026-09-09T15:30:29.250464+00:00,244.005565,6.202201843261719,9.089588165283203,1.6788253784179688
fit_s0_lr1,2026-09-09T15:30:39.414838+00:00,254.169939,6.2080230712890625,9.096328735351562,1.6788253784179688
fit_s0_lr1,2026-09-09T15:30:49.579830+00:00,264.334931,6.101005554199219,9.034282684326172,1.6792831420898438
fit_s0_lr1,2026-09-09T15:30:53.617632+00:00,268.372733,5.981632232666016,9.029308319091797,1.6795082092285156
