update,train_loss,primary,mse10,mse60,dataset,arm,seed
500,0.2130482345819473,0.2199153999487559,0.2227533434828122,0.2170774539311727,jena,M,2026090601
1000,0.216039165854454,0.2015689214070638,0.2039101844032605,0.1992276484767595,jena,M,2026090601
1500,0.1529475301504135,0.1975377077857653,0.199857880671819,0.1952175373832384,jena,M,2026090601
2000,0.1200741529464721,0.1904781187574068,0.1927458842595418,0.1882103557387987,jena,M,2026090601
2500,0.1705844104290008,0.1900390038887659,0.1923054655392964,0.1877725347876548,jena,M,2026090601
3000,0.196258395910263,0.1863050907850265,0.1885832995176315,0.1840268820524215,jena,M,2026090601
3500,0.1791964322328567,0.1809830839435259,0.1832358489433924,0.1787303139766057,jena,M,2026090601
4000,0.1513627767562866,0.1853303834795951,0.1875985364119211,0.183062233030796,jena,M,2026090601
4500,0.212956964969635,0.1804229468107223,0.1826822037498156,0.1781636948386828,jena,M,2026090601
5000,0.1558173894882202,0.1820297315716743,0.1842924083272616,0.1797670548160871,jena,M,2026090601
500,0.2661759257316589,0.2865811412533124,0.2893035511175791,0.2838587239384651,jena,M,2026090602
1000,0.2404292821884155,0.2039948105812072,0.2062894453605016,0.2017001782854398,jena,M,2026090602
1500,0.1826824247837066,0.1939104224244753,0.1961976364254951,0.1916232084234555,jena,M,2026090602
2000,0.1847772151231765,0.192630852262179,0.194890613357226,0.1903710886836052,jena,M,2026090602
2500,0.1683929562568664,0.1897055506706237,0.1919929459691047,0.1874181578556696,jena,M,2026090602
3000,0.2396124899387359,0.1906511311729749,0.1929191624124845,0.1883831024169922,jena,M,2026090602
3500,0.1297966688871383,0.1840281834204991,0.1862767289082209,0.1817796354492505,jena,M,2026090602
4000,0.1590710580348968,0.1838361447056134,0.1860926871498426,0.1815796022613843,jena,M,2026090602
4500,0.2119043469429016,0.1842847689986229,0.1865303367376327,0.1820392037431399,jena,M,2026090602
5000,0.1614685654640197,0.1843273217479387,0.1865708877642949,0.1820837532480557,jena,M,2026090602
500,0.2212604135274887,0.2208528791864713,0.2236572603384653,0.2180484930674235,jena,O,2026090601
1000,0.2118496298789978,0.2007240404685338,0.203062946597735,0.1983851393063863,jena,O,2026090601
1500,0.1575867235660553,0.1966412464777628,0.198947307964166,0.1943351874748865,jena,O,2026090601
2000,0.1251516640186309,0.1892301713426908,0.191486711303393,0.1869736313819885,jena,O,2026090601
2500,0.1718403398990631,0.1898317237695058,0.1920939063032468,0.1875695412357648,jena,O,2026090601
3000,0.1984135806560516,0.1855065301060676,0.1877839863300323,0.1832290813326835,jena,O,2026090601
3500,0.178507000207901,0.1821029583613077,0.1843521321813265,0.179853784541289,jena,O,2026090601
4000,0.1550528705120086,0.1853990604480107,0.1876643970608711,0.1831337188680966,jena,O,2026090601
4500,0.2097132951021194,0.180712287624677,0.1829707846045494,0.1784537906448046,jena,O,2026090601
5000,0.1544471681118011,0.1823232844471931,0.1845845753947893,0.1800619959831237,jena,O,2026090601
500,0.2562281787395477,0.2606553186972936,0.2633206496636073,0.2579899777968724,jena,O,2026090602
1000,0.2341027855873108,0.2027810563643773,0.2050614356994629,0.2005006844798723,jena,O,2026090602
1500,0.1827859878540039,0.1941075598200162,0.1963850085934003,0.191830113530159,jena,O,2026090602
2000,0.1828039437532425,0.1934275378783544,0.1956877360741297,0.1911673371990521,jena,O,2026090602
2500,0.1653795838356018,0.1896689410010973,0.1919613803426424,0.1873764991760254,jena,O,2026090602
3000,0.2414429783821106,0.1907564873496691,0.1930248936017354,0.1884880736470222,jena,O,2026090602
3500,0.1273819357156753,0.184342307349046,0.1865895564357439,0.1820950657129287,jena,O,2026090602
4000,0.1534469127655029,0.183967538177967,0.1862198660771052,0.1817152053117752,jena,O,2026090602
4500,0.2092614769935608,0.1842822258671125,0.1865251312653223,0.1820393179853757,jena,O,2026090602
5000,0.1635548174381256,0.1847425873080889,0.1869832078615824,0.1825019717216491,jena,O,2026090602
500,0.1851944625377655,0.2342401494582494,0.2367674062649409,0.2317128951350847,jena,R,2026090601
1000,0.200072556734085,0.2112171625097592,0.2136567731698354,0.2087775493661562,jena,R,2026090601
1500,0.1399271488189697,0.1801198795437812,0.1824466337760289,0.1777931228280067,jena,R,2026090601
2000,0.1235058233141899,0.1819130380948384,0.1842114031314849,0.1796146755417188,jena,R,2026090601
2500,0.1662609428167343,0.1887217263380686,0.1909822424252828,0.1864612077673276,jena,R,2026090601
3000,0.1884816586971283,0.1805886477231979,0.182880754272143,0.1782965337236722,jena,R,2026090601
3500,0.1759558767080307,0.1819856638709704,0.1842667063077291,0.1797046214342117,jena,R,2026090601
4000,0.1591122448444366,0.1853615418076515,0.1876489520072937,0.1830741291244824,jena,R,2026090601
4500,0.2075484693050384,0.176027625799179,0.1783035347859064,0.1737517168124517,jena,R,2026090601
5000,0.1758564114570617,0.179077776769797,0.1813635602593422,0.1767919932802518,jena,R,2026090601
500,0.1970987915992736,0.2254286035895347,0.2281356478730837,0.2227215568224589,jena,R,2026090602
1000,0.2242964953184127,0.2068487132589022,0.2092349280913671,0.2044625009099642,jena,R,2026090602
1500,0.1848212480545044,0.193542535106341,0.1959355597694715,0.19114950299263,jena,R,2026090602
2000,0.1785781383514404,0.1851770703991254,0.1875196471810341,0.182834488650163,jena,R,2026090602
2500,0.1634581983089447,0.1793877432743708,0.1817051321268081,0.1770703519384066,jena,R,2026090602
3000,0.2137691527605056,0.1865024417638778,0.188795489569505,0.1842093914747238,jena,R,2026090602
3500,0.1137808337807655,0.1828251232703527,0.1851024205485979,0.1805478185415268,jena,R,2026090602
4000,0.1501976102590561,0.1835055301586786,0.1857827429970105,0.1812283222874005,jena,R,2026090602
4500,0.1711611151695251,0.179477609694004,0.1817461575071016,0.1772090643644333,jena,R,2026090602
5000,0.1577510088682174,0.1822292208671569,0.184493268529574,0.1799651682376861,jena,R,2026090602
500,0.6568663120269775,0.4840872377233044,0.6209226575781978,0.3472518325989483,uci,M,2026090601
1000,0.678644061088562,0.4794420686007759,0.6163240044019908,0.3425601423355459,uci,M,2026090601
1500,0.6016217470169067,0.4861988325913747,0.622930780242721,0.3494668996705657,uci,M,2026090601
2000,0.5642558336257935,0.4738997803010407,0.6104547698003342,0.3373447952000543,uci,M,2026090601
2500,0.5172111988067627,0.4686988621343486,0.6051222918976961,0.3322754273470728,uci,M,2026090601
3000,0.5129538774490356,0.4675163678237197,0.6039683493114913,0.3310643863928227,uci,M,2026090601
3500,0.4693884253501892,0.468952300685811,0.6053771446755217,0.3325274613219059,uci,M,2026090601
4000,0.6687358617782593,0.4706341582551864,0.6071263430000261,0.3341419878427612,uci,M,2026090601
4500,0.541336715221405,0.4697150990518601,0.6062535579119627,0.3331766352815786,uci,M,2026090601
5000,0.5586440563201904,0.4721866846463759,0.6086220785634209,0.3357512761125431,uci,M,2026090601
500,0.4734778702259063,0.4783659481630677,0.6154595487217867,0.3412723427510443,uci,M,2026090602
1000,0.6759239435195923,0.4760957085373444,0.6131253246663484,0.3390660972047701,uci,M,2026090602
1500,0.5471926331520081,0.4723464938747974,0.6090989569747114,0.3355940305473847,uci,M,2026090602
2000,0.6944257616996765,0.4699258423450642,0.6066184129575434,0.3332332814391939,uci,M,2026090602
2500,0.5716507434844971,0.4720135247927282,0.6088165855438048,0.3352104591314725,uci,M,2026090602
3000,0.4549277126789093,0.4688137509781895,0.6053704419588012,0.3322570745006166,uci,M,2026090602
3500,0.5223743319511414,0.4733209551783615,0.6099210566729686,0.3367208439202709,uci,M,2026090602
4000,0.578102171421051,0.4702040510057796,0.6068308154552341,0.3335772914665043,uci,M,2026090602
4500,0.6089318990707397,0.4710520896065326,0.6075975389501824,0.3345066258167189,uci,M,2026090602
5000,0.7175573110580444,0.4717374444955785,0.6083584428971051,0.33511645591441,uci,M,2026090602
500,0.6536118388175964,0.485638013171179,0.6223935076526104,0.3488825283963565,uci,O,2026090601
1000,0.6791009902954102,0.4795717212535043,0.6164387576376815,0.3427046801297719,uci,O,2026090601
1500,0.6039955019950867,0.48687754431147,0.6236120086665675,0.3501430798994979,uci,O,2026090601
2000,0.5624194145202637,0.473853232940948,0.6103806184372526,0.3373258521273239,uci,O,2026090601
2500,0.5169777870178223,0.4685935962556579,0.6049975836246675,0.3321896087160244,uci,O,2026090601
3000,0.5127036571502686,0.4670509381489899,0.6034616922755884,0.3306401889894451,uci,O,2026090601
3500,0.469123363494873,0.4678892049436047,0.6042554646199593,0.331522935617516,uci,O,2026090601
4000,0.6655417680740356,0.4700914850937198,0.6065283102995264,0.333654645328,uci,O,2026090601
4500,0.5416702628135681,0.4692512842193814,0.6057323002405749,0.332770248671221,uci,O,2026090601
5000,0.5567587614059448,0.4715076238106528,0.607885304411859,0.3351299578831093,uci,O,2026090601
500,0.4976638555526733,0.4782415136846574,0.6153405855857689,0.3411424369871161,uci,O,2026090602
1000,0.6758303046226501,0.4778194606455834,0.6148246600276035,0.3408142466467755,uci,O,2026090602
1500,0.5491984486579895,0.4722379010748924,0.6090061612635775,0.3354696362035268,uci,O,2026090602
2000,0.691399097442627,0.4699896754123479,0.6067315386300172,0.3332478073413742,uci,O,2026090602
2500,0.5719382762908936,0.4732544229723722,0.6100937243332997,0.3364151167012656,uci,O,2026090602
3000,0.4577606618404388,0.4685111372677121,0.6050698568347757,0.3319524175300246,uci,O,2026090602
3500,0.5200545191764832,0.4734758817171322,0.610064601966443,0.336887171231305,uci,O,2026090602
4000,0.5791246891021729,0.4697095862478397,0.6063238595809038,0.3330953080614711,uci,O,2026090602
4500,0.6059262752532959,0.4703596376697829,0.6068920536350658,0.3338272167374463,uci,O,2026090602
5000,0.7157942652702332,0.4708086469852894,0.607391237568006,0.3342260564025728,uci,O,2026090602
500,0.636820912361145,0.4906952326913523,0.6275804131919798,0.3538100425978653,uci,R,2026090601
1000,0.688689112663269,0.4742476371029254,0.6109063336791579,0.3375889308769587,uci,R,2026090601
1500,0.6057885885238647,0.4902748900060435,0.6270093349100069,0.3535404356229699,uci,R,2026090601
2000,0.5550483465194702,0.4768369903660002,0.6135995031616464,0.3400744726601751,uci,R,2026090601
2500,0.5077908039093018,0.4710746620409665,0.6077680000822052,0.3343813287961574,uci,R,2026090601
3000,0.5088843107223511,0.4712683471066654,0.6080499818079345,0.3344867171449515,uci,R,2026090601
3500,0.4356378316879272,0.4748300748661577,0.6114965455829339,0.3381636236194739,uci,R,2026090601
4000,0.632994532585144,0.4739060145411782,0.6106272720501926,0.3371847714214531,uci,R,2026090601
4500,0.5160378217697144,0.4737112004755411,0.6105121114023466,0.3369102994259684,uci,R,2026090601
5000,0.5323619842529297,0.4754080688225404,0.6120793342817831,0.3387368181507096,uci,R,2026090601
500,0.4675467014312744,0.4792833895097859,0.6166380917980471,0.3419286677514324,uci,R,2026090602
1000,0.6755119562149048,0.4790075236301082,0.6161184766289539,0.3418965656642089,uci,R,2026090602
1500,0.5274477005004883,0.4801655909563142,0.6171542703347048,0.3431769212276577,uci,R,2026090602
2000,0.6395072937011719,0.4678943680442926,0.6045637702138066,0.3312249707849578,uci,R,2026090602
2500,0.5772687196731567,0.4719532368368168,0.608791331753476,0.3351151322704235,uci,R,2026090602
3000,0.4352033138275146,0.4680195539128082,0.6048337742117526,0.3312053239641299,uci,R,2026090602
3500,0.5182802677154541,0.4726067525512389,0.6092661889909788,0.3359473210216782,uci,R,2026090602
4000,0.5743855834007263,0.4708814125403799,0.6077106790688201,0.3340521458413158,uci,R,2026090602
4500,0.5906944274902344,0.4750670193109197,0.6119178904756032,0.3382161385533767,uci,R,2026090602
5000,0.6633380651473999,0.4753104595623854,0.6121211516038152,0.3384997675209555,uci,R,2026090602
